question,answer
"
This program does not compile, correct the code.

#[derive(Copy, Drop)]
struct ColorStruct { // TODO: Something goes here
    red: u8,
    green: u8,
}


#[test]
fn classic_c_structs() {
    let green = ColorStruct { red: 0, green: 255, blue: 0,  };

    assert(green.red == 0, 0);
    assert(green.green == 255, 0);
    assert(green.blue == 0, 0);
}
","
```
#[derive(Copy, Drop)]
struct ColorStruct { 
    red: u8,
    green: u8,
    blue: u8,
}


#[test]
fn classic_c_structs() {
    let green = ColorStruct { red: 0, green: 255, blue: 0,  };

    assert(green.red == 0, 0);
    assert(green.green == 255, 0);
    assert(green.blue == 0, 0);
}
```
"
"
Do the TODO

#[derive(Copy, Drop)]
struct Order {
    name: felt252,
    year: felt252,
    made_by_phone: bool,
    made_by_mobile: bool,
    made_by_email: bool,
    item_number: felt252,
    count: felt252,
}

fn create_order_template() -> Order {
    Order {
        name: 'Bob',
        year: 2019,
        made_by_phone: false,
        made_by_mobile: false,
        made_by_email: true,
        item_number: 123,
        count: 0
    }
}
#[test]
fn test_your_order() {
    let order_template = create_order_template();
    // TODO: Destructure your order into multiple variables to make the assertions pass!

    assert(name == 'Bob', 'Wrong name');
    assert(year == order_template.year, 'Wrong year');
    assert(made_by_phone == order_template.made_by_phone, 'Wrong phone');
    assert(made_by_mobile == order_template.made_by_mobile, 'Wrong mobile');
    assert(made_by_email == order_template.made_by_email, 'Wrong email');
    assert(item_number == order_template.item_number, 'Wrong item number');
    assert(count == 0, 'Wrong count');
}

","
```
#[derive(Copy, Drop)]
struct Order {
    name: felt252,
    year: felt252,
    made_by_phone: bool,
    made_by_mobile: bool,
    made_by_email: bool,
    item_number: felt252,
    count: felt252,
}

fn create_order_template() -> Order {
    Order {
        name: 'Bob',
        year: 2019,
        made_by_phone: false,
        made_by_mobile: false,
        made_by_email: true,
        item_number: 123,
        count: 0
    }
}
#[test]
fn test_your_order() {
    let order_template = create_order_template();
    let Order{name, year, made_by_phone, made_by_mobile, made_by_email, item_number, count, } =
        order_template;

    assert(name == 'Bob', 'Wrong name');
    assert(year == order_template.year, 'Wrong year');
    assert(made_by_phone == order_template.made_by_phone, 'Wrong phone');
    assert(made_by_mobile == order_template.made_by_mobile, 'Wrong mobile');
    assert(made_by_email == order_template.made_by_email, 'Wrong email');
    assert(item_number == order_template.item_number, 'Wrong item number');
    assert(count == 0, 'Wrong count');
}
```
"